City_ID,City,Country,Date,Lat,Lng,Max Temp,Humidity,Cloudiness,Wind Speed
0,Bacolod,PH,2022-07-12 18:32:06,10.6667,122.95,78.3,87,95,6.33
1,Punta Arenas,CL,2022-07-12 18:25:29,-53.15,-70.9167,32.11,100,100,5.75
2,Tyazhinskiy,RU,2022-07-12 18:32:07,56.116,88.524,53.04,90,100,4.54
3,Piterka,RU,2022-07-12 18:32:07,50.6803,47.4454,77.52,55,39,11.03
4,Mar Del Plata,AR,2022-07-12 18:29:41,-38.0023,-57.5575,55.09,56,40,12.66
5,Loukhi,RU,2022-07-12 18:32:08,66.0764,33.0381,64.18,93,4,2.8
6,Los Llanos De Aridane,ES,2022-07-12 18:32:09,28.6585,-17.9182,69.12,81,75,14.97
7,Kutum,SD,2022-07-12 18:32:09,14.2,24.6667,80.53,47,62,6.04
8,Hamilton,US,2022-07-12 18:31:30,39.1834,-84.5333,89.94,48,20,14.97
9,Westport,US,2022-07-12 18:32:10,41.1415,-73.3579,90.3,58,0,17.27
10,Sankarpur,IN,2022-07-12 18:32:11,22.8481,88.4553,84.15,86,89,10.49
11,Sedro-Woolley,US,2022-07-12 18:32:12,48.5039,-122.2361,79.39,77,40,11.5
12,Busselton,AU,2022-07-12 18:23:03,-33.65,115.3333,55.45,84,29,6.24
13,Mingshui,CN,2022-07-12 18:32:12,36.7167,117.5,73.18,93,100,5.14
14,Eslov,SE,2022-07-12 18:32:13,55.8393,13.3039,74.43,73,88,5.97
15,Zaozhuang,CN,2022-07-12 18:32:14,34.8647,117.5542,78.78,87,100,4.79
16,Pangnirtung,CA,2022-07-12 18:32:14,66.1451,-65.7125,48.2,100,100,0.0
17,Bethel,US,2022-07-12 18:28:24,41.3712,-73.414,90.36,59,20,9.22
18,Esmeraldas,BR,2022-07-12 18:32:15,-19.7625,-44.3139,82.51,28,100,6.29
19,Grand Gaube,MU,2022-07-12 18:32:15,-20.0064,57.6608,72.0,68,97,7.0
20,Leningradskiy,RU,2022-07-12 18:32:16,69.3833,178.4167,44.73,94,100,4.21
21,Marathon,US,2022-07-12 18:32:16,44.9,-89.7668,80.13,52,20,11.5
22,Inirida,CO,2022-07-12 18:32:17,3.8653,-67.9239,83.68,80,57,0.92
23,Mataura,NZ,2022-07-12 18:25:31,-46.1927,168.8643,43.48,98,100,5.55
24,Liangxiang,CN,2022-07-12 18:32:18,39.7319,116.14,73.96,80,6,4.03
25,Gallup,US,2022-07-12 18:32:18,35.5281,-108.7426,85.01,29,0,6.87
26,Torbay,CA,2022-07-12 18:31:44,47.6666,-52.7314,74.17,40,40,16.11
27,Tuktoyaktuk,CA,2022-07-12 18:32:19,69.4541,-133.0374,42.8,100,100,10.36
28,Hami,CN,2022-07-12 18:31:05,42.8,93.45,85.53,20,100,26.15
29,Fairfield,US,2022-07-12 18:32:20,41.2668,-73.3162,89.19,59,20,17.27
30,Ushuaia,AR,2022-07-12 18:25:24,-54.8,-68.3,38.86,87,75,10.36
31,Kidal,ML,2022-07-12 18:32:21,18.4411,1.4078,94.82,27,21,9.28
32,San Alberto,CO,2022-07-12 18:32:22,7.7611,-73.3922,87.1,70,80,3.58
33,Lebu,CL,2022-07-12 18:32:22,-37.6167,-73.65,50.9,89,90,4.47
34,Kirensk,RU,2022-07-12 18:32:23,57.7853,108.1119,54.79,97,100,3.76
35,Arkhangelsk,RU,2022-07-12 18:32:23,64.5401,40.5433,77.11,65,20,2.24
36,Hobart,AU,2022-07-12 18:32:24,-42.8794,147.3294,44.46,85,75,9.22
37,Rikitea,PF,2022-07-12 18:23:05,-23.1203,-134.9692,74.91,72,70,15.93
38,Severo-Kurilsk,RU,2022-07-12 18:32:24,50.6789,156.125,54.07,93,52,2.57
39,Provideniya,RU,2022-07-12 18:25:41,64.3833,-173.3,51.51,77,48,4.34
40,Koumac,NC,2022-07-12 18:32:25,-20.5667,164.2833,70.75,89,76,2.84
41,Cape Town,ZA,2022-07-12 18:24:54,-33.9258,18.4232,55.9,88,0,10.36
42,Victoria,HK,2022-07-12 18:32:26,22.2855,114.1577,86.38,79,6,7.0
43,Touba,CI,2022-07-12 18:32:27,8.2833,-7.6833,73.45,87,51,0.81
44,Jamestown,US,2022-07-12 18:25:20,42.097,-79.2353,82.53,52,40,16.11
45,Lagoa,PT,2022-07-12 18:25:31,39.05,-27.9833,70.2,90,65,10.36
46,Kaitangata,NZ,2022-07-12 18:33:28,-46.2817,169.8464,45.36,96,100,13.06
47,Yellowknife,CA,2022-07-12 18:22:29,62.456,-114.3525,70.32,68,75,16.11
48,Saint-Francois,FR,2022-07-12 18:33:29,46.4154,3.9054,85.44,28,0,4.61
49,Glasgow,GB,2022-07-12 18:30:42,55.8652,-4.2576,67.15,66,28,13.8
50,Deoband,IN,2022-07-12 18:33:29,29.7,77.6833,83.52,73,0,4.43
51,Thompson,CA,2022-07-12 18:28:48,55.7435,-97.8558,69.96,49,20,2.3
52,Vaini,TO,2022-07-12 18:26:46,-21.2,-175.2,73.56,83,20,4.61
53,Baglung,NP,2022-07-12 18:33:30,28.2719,83.5898,71.64,96,100,1.12
54,Seoul,KR,2022-07-12 18:31:20,37.5683,126.9778,80.17,86,100,4.61
55,Port Alfred,ZA,2022-07-12 18:33:32,-33.5906,26.891,58.87,71,0,10.76
56,Tabou,CI,2022-07-12 18:33:32,4.423,-7.3528,76.75,77,100,10.8
57,Lorengau,PG,2022-07-12 18:33:33,-2.0226,147.2712,81.21,80,97,8.66
58,Rudbar,AF,2022-07-12 18:33:33,30.15,62.6,92.14,11,0,19.82
59,Marzuq,YE,2022-07-12 18:33:34,14.4,46.4667,76.62,42,100,8.08
60,Ilulissat,GL,2022-07-12 18:33:35,69.2167,-51.1,44.62,81,75,5.75
61,Raudeberg,NO,2022-07-12 18:33:35,61.9875,5.1352,56.95,86,7,22.46
62,Castro,BR,2022-07-12 18:33:36,-24.7911,-50.0119,68.41,52,0,7.47
63,Chuy,UY,2022-07-12 18:33:36,-33.6971,-53.4616,49.1,65,100,8.57
64,Dikson,RU,2022-07-12 18:33:37,73.5069,80.5464,38.77,87,16,3.15
65,Iqaluit,CA,2022-07-12 18:26:48,63.7506,-68.5145,56.93,72,100,3.44
66,Puerto Ayora,EC,2022-07-12 18:26:44,-0.7393,-90.3518,78.76,83,38,8.99
67,Bluff,NZ,2022-07-12 18:25:28,-46.6,168.3333,43.81,92,100,21.09
68,East London,ZA,2022-07-12 18:25:38,-33.0153,27.9116,56.34,88,0,4.61
69,Marabba,SD,2022-07-12 18:33:38,12.35,32.1833,80.33,64,94,8.99
70,Coracao De Jesus,BR,2022-07-12 18:33:39,-16.6853,-44.365,82.53,27,16,2.68
71,Nikolskoye,RU,2022-07-12 18:29:41,59.7035,30.7861,71.87,90,94,6.24
72,Bolivar,US,2022-07-12 18:29:10,37.6145,-93.4105,86.95,44,100,8.75
73,Carnarvon,AU,2022-07-12 18:26:44,-24.8667,113.6333,65.08,68,0,0.47
74,Biak,ID,2022-07-12 18:33:40,-0.9131,122.8766,74.1,93,100,5.46
75,Ribeira Grande,PT,2022-07-12 18:32:14,38.5167,-28.7,77.4,57,40,14.97
76,Ponta Do Sol,PT,2022-07-12 18:33:41,32.6667,-17.1,75.0,66,48,3.67
77,Velez-Malaga,ES,2022-07-12 18:33:18,36.7726,-4.1005,84.79,52,55,3.56
78,Kununurra,AU,2022-07-12 18:33:43,-15.7667,128.7333,64.38,17,0,14.97
79,Anadyr,RU,2022-07-12 18:33:43,64.75,177.4833,59.5,67,0,11.18
80,Vitoria Do Mearim,BR,2022-07-12 18:30:08,-3.4622,-44.8706,86.7,59,99,3.24
81,Atuona,PF,2022-07-12 18:26:53,-9.8,-139.0333,77.72,77,30,18.45
82,Saskylakh,RU,2022-07-12 18:25:20,71.9167,114.0833,39.52,83,100,10.13
83,Qasigiannguit,GL,2022-07-12 18:33:44,68.8193,-51.1922,44.85,87,100,3.78
84,Islampur,IN,2022-07-12 18:31:24,26.2667,88.2,84.83,72,79,4.81
85,Mountain Home,US,2022-07-12 18:31:40,43.133,-115.6912,85.48,21,0,6.91
86,Enugu,NG,2022-07-12 18:33:45,6.4402,7.4943,72.36,94,37,4.47
87,Hilo,US,2022-07-12 18:29:40,19.7297,-155.09,81.1,63,0,3.0
88,Kapaa,US,2022-07-12 18:25:26,22.0752,-159.319,78.78,78,100,18.41
89,Straz Pod Ralskem,CZ,2022-07-12 18:33:47,50.7028,14.801,69.66,61,34,3.94
90,Lumberton,US,2022-07-12 18:33:47,34.6182,-79.0086,88.92,70,20,6.91
91,Hithadhoo,MV,2022-07-12 18:34:48,-0.6,73.0833,82.49,76,100,12.82
92,Miyako,JP,2022-07-12 18:34:48,39.6367,141.9525,70.54,98,100,3.91
93,New Norfolk,AU,2022-07-12 18:22:59,-42.7826,147.0587,44.1,81,98,1.01
94,Ostersund,SE,2022-07-12 18:34:49,63.1792,14.6357,68.45,56,75,3.44
95,Jawhar,SO,2022-07-12 18:34:50,2.7809,45.5005,73.6,82,94,16.17
96,Bredasdorp,ZA,2022-07-12 18:23:35,-34.5322,20.0403,50.9,84,0,4.07
97,Lazaro Cardenas,MX,2022-07-12 18:23:11,17.9583,-102.2,86.32,66,89,6.87
98,Daru,PG,2022-07-12 18:34:51,-9.0763,143.2092,77.09,83,96,14.85
99,Kaset Sombun,TH,2022-07-12 18:34:51,16.2805,101.9542,75.94,93,100,3.8
100,Omsukchan,RU,2022-07-12 18:33:13,62.5333,155.8,74.73,54,5,4.05
101,La Union,PE,2022-07-12 18:34:52,-5.4,-80.75,82.18,42,6,13.78
102,Morro Bay,US,2022-07-12 18:34:53,35.3658,-120.8499,89.38,66,30,5.01
103,Belmonte,BR,2022-07-12 18:34:53,-15.8631,-38.8828,76.96,60,42,6.22
104,Pedernales,DO,2022-07-12 18:34:53,18.0384,-71.744,89.65,56,0,2.86
105,Port Elizabeth,ZA,2022-07-12 18:26:50,-33.918,25.5701,52.11,93,0,1.14
106,Alice Springs,AU,2022-07-12 18:34:55,-23.7,133.8833,36.95,81,0,5.75
107,Grand-Santi,GF,2022-07-12 18:34:55,4.25,-54.3833,89.67,51,88,3.47
108,Moron,AR,2022-07-12 18:34:55,-34.6534,-58.6198,53.94,51,28,5.41
109,Vardo,NO,2022-07-12 18:34:56,70.3705,31.1107,58.98,77,0,5.75
110,Bambous Virieux,MU,2022-07-12 18:34:57,-20.3428,57.7575,71.85,68,75,16.11
111,Eydhafushi,MV,2022-07-12 18:34:57,5.1033,73.0708,81.64,73,100,9.51
112,Nanortalik,GL,2022-07-12 18:34:58,60.1432,-45.2371,43.29,84,56,9.71
113,Narsaq,GL,2022-07-12 18:34:58,60.9167,-46.05,55.62,74,26,8.14
114,Codrington,AU,2022-07-12 18:33:52,-38.2667,141.9667,47.25,73,8,8.88
115,Montrose,US,2022-07-12 18:34:59,38.4166,-108.2673,78.21,20,62,4.45
116,Mandalgovi,MN,2022-07-12 18:34:59,45.7625,106.2708,55.71,68,0,10.54
117,Cabrobo,BR,2022-07-12 18:35:00,-8.5142,-39.31,87.19,34,99,14.38
118,Havoysund,NO,2022-07-12 18:35:00,70.9963,24.6622,59.23,65,61,10.04
119,Pacific Grove,US,2022-07-12 18:35:01,36.6177,-121.9166,70.81,85,100,9.22
120,Harper,LR,2022-07-12 18:35:02,4.375,-7.7169,76.64,78,100,11.68
121,Lukulu,ZM,2022-07-12 18:35:03,-14.3707,23.242,61.88,38,1,6.58
122,Ternate,ID,2022-07-12 18:35:03,0.8,127.4,78.44,84,96,6.06
123,Bengkulu,ID,2022-07-12 18:26:52,-3.8004,102.2655,75.0,94,90,3.58
124,Salalah,OM,2022-07-12 18:35:04,17.0151,54.0924,78.89,89,100,5.75
125,Guiratinga,BR,2022-07-12 18:35:05,-16.3494,-53.7583,90.88,24,81,3.36
126,Axim,GH,2022-07-12 18:35:05,4.8699,-2.2405,75.94,81,100,9.71
127,Zhezkazgan,KZ,2022-07-12 18:35:06,47.8043,67.7144,78.57,38,0,17.36
128,Sola,VU,2022-07-12 18:35:06,-13.8833,167.55,75.87,100,27,2.3
129,Barrow,US,2022-07-12 18:35:07,71.2906,-156.7887,37.42,87,100,10.36
130,Cidreira,BR,2022-07-12 18:23:44,-30.1811,-50.2056,54.59,71,81,14.0
131,Terdal,IN,2022-07-12 18:35:07,16.5,75.05,70.93,89,100,17.67
132,Port-Gentil,GA,2022-07-12 18:35:08,-0.7193,8.7815,73.36,83,100,10.36
133,Kamina,CD,2022-07-12 18:35:08,-8.7386,24.9906,65.16,38,6,4.47
134,Emerald,AU,2022-07-12 18:35:09,-23.5333,148.1667,45.34,75,0,7.31
135,Redlands,US,2022-07-12 18:34:53,34.0556,-117.1825,106.56,40,0,5.75
136,Avarua,CK,2022-07-12 18:23:47,-21.2078,-159.775,69.85,78,100,2.3
137,Sergeyevka,KZ,2022-07-12 18:36:10,53.88,67.4158,66.4,88,34,7.76
138,Vao,NC,2022-07-12 18:36:10,-22.6667,167.4833,71.96,80,89,13.22
139,Arraial Do Cabo,BR,2022-07-12 18:36:11,-22.9661,-42.0278,87.76,57,0,8.05
140,Alexandria,EG,2022-07-12 18:36:11,31.2156,29.9553,78.19,67,0,13.76
141,Bobo Dioulasso,BF,2022-07-12 18:36:12,11.1771,-4.2979,84.65,74,20,4.61
142,Assiniboia,CA,2022-07-12 18:36:12,49.6334,-105.9845,76.82,27,5,3.44
143,Port Blair,IN,2022-07-12 18:36:13,11.6667,92.75,80.64,94,100,5.75
144,Kartaly,RU,2022-07-12 18:36:13,53.0522,60.6467,66.38,82,8,7.85
145,Cayenne,GF,2022-07-12 18:35:53,4.9333,-52.3333,87.84,16,20,11.5
146,Pitea,SE,2022-07-12 18:36:14,65.3172,21.4794,68.09,71,0,5.68
147,Burnie,AU,2022-07-12 18:36:15,-41.0667,145.9167,42.94,80,11,5.44
148,Bowen,AU,2022-07-12 18:35:22,-20.0167,148.2333,58.19,77,0,9.06
149,Albany,US,2022-07-12 18:24:26,42.6001,-73.9662,90.27,49,54,3.0
150,Airai,TL,2022-07-12 18:36:16,-8.9266,125.4092,52.12,86,70,2.82
151,San Cristobal,VE,2022-07-12 18:23:36,7.7669,-72.225,82.58,59,80,7.16
152,Tura,IN,2022-07-12 18:36:17,25.5198,90.2201,76.84,86,100,3.44
153,Jacareacanga,BR,2022-07-12 18:36:17,-6.2222,-57.7528,97.45,28,56,1.7
154,Usak,TR,2022-07-12 18:36:18,38.5,29.4167,71.47,47,0,9.01
155,Somanda,TZ,2022-07-12 18:36:18,-3.3667,33.95,67.06,54,27,15.41
156,Sao Filipe,CV,2022-07-12 18:36:19,14.8961,-24.4956,75.22,80,9,6.42
157,Saldanha,ZA,2022-07-12 18:36:19,-33.0117,17.9442,51.85,78,0,7.43
158,Lavrentiya,RU,2022-07-12 18:36:20,65.5833,-171.0,48.11,81,97,4.14
159,Manggar,ID,2022-07-12 18:36:21,-2.8833,108.2667,79.41,83,100,2.62
160,Kodiak,US,2022-07-12 18:36:22,57.79,-152.4072,56.71,88,100,4.61
161,Necochea,AR,2022-07-12 18:36:22,-38.5473,-58.7368,51.94,47,98,13.71
162,Qaanaaq,GL,2022-07-12 18:36:23,77.484,-69.3632,43.12,68,98,4.92
163,Port Hardy,CA,2022-07-12 18:31:44,50.6996,-127.4199,59.18,77,75,6.91
164,Hermanus,ZA,2022-07-12 18:36:24,-34.4187,19.2345,47.8,81,0,10.94
165,San Patricio,US,2022-07-12 18:36:24,28.017,-97.5169,99.07,39,6,14.61
166,Alytus,LT,2022-07-12 18:36:25,54.4,24.05,62.56,98,100,14.76
167,Tasiilaq,GL,2022-07-12 18:36:25,65.6145,-37.6368,50.16,82,88,6.46
168,San Quintin,MX,2022-07-12 18:36:26,30.4833,-115.95,71.47,67,94,15.73
169,Gat,IL,2022-07-12 18:36:26,31.61,34.7642,80.82,100,0,7.29
170,Pudozh,RU,2022-07-12 18:36:27,61.8099,36.5345,64.63,94,85,3.09
171,Juneau,US,2022-07-12 18:35:18,58.3019,-134.4197,57.85,88,100,8.05
172,Ahipara,NZ,2022-07-12 18:26:52,-35.1667,173.1667,58.26,86,15,13.91
173,Oktyabrskiy,RU,2022-07-12 18:36:28,54.4815,53.471,70.56,84,100,2.24
174,Klaksvik,FO,2022-07-12 18:36:28,62.2266,-6.589,50.92,86,100,31.79
175,Tessalit,ML,2022-07-12 18:36:29,20.1986,1.0114,97.63,21,95,5.19
176,Hasaki,JP,2022-07-12 18:36:29,35.7333,140.8333,73.8,92,100,7.29
177,Qom,IR,2022-07-12 18:36:30,34.6401,50.8764,94.17,11,20,19.66
178,Vallenar,CL,2022-07-12 18:32:15,-28.5708,-70.7581,73.58,11,0,2.89
179,Portobelo,PA,2022-07-12 18:36:31,9.55,-79.65,78.75,92,100,1.45
180,Palmer,US,2022-07-12 18:31:41,42.1584,-72.3287,87.39,57,87,7.0
181,Kavieng,PG,2022-07-12 18:23:35,-2.5744,150.7967,81.9,76,20,14.63
182,Mahebourg,MU,2022-07-12 18:36:32,-20.4081,57.7,71.89,68,75,16.11
183,Husavik,IS,2022-07-12 18:36:32,66.0449,-17.3389,42.73,95,100,19.6
184,Clyde River,CA,2022-07-12 18:36:33,70.4692,-68.5914,46.63,76,40,8.05
185,Namibe,AO,2022-07-12 18:37:33,-15.1961,12.1522,63.73,85,1,8.16
186,Huarmey,PE,2022-07-12 18:37:34,-10.0681,-78.1522,67.48,68,5,9.89
187,Mount Gambier,AU,2022-07-12 18:37:34,-37.8333,140.7667,40.98,89,3,3.27
188,Iratosu,RO,2022-07-12 18:37:35,46.3167,21.2,70.05,40,20,6.91
189,Roald,NO,2022-07-12 18:37:35,62.5833,6.1333,61.75,82,75,12.66
190,Kruisfontein,ZA,2022-07-12 18:37:36,-34.0033,24.7314,48.88,84,0,3.85
191,Ucluelet,CA,2022-07-12 18:37:36,48.9329,-125.5528,63.09,83,1,5.99
192,Tsimlyansk,RU,2022-07-12 18:37:36,47.6461,42.1019,73.98,58,100,9.24
193,Ruteng,ID,2022-07-12 18:37:37,-8.6136,120.4721,58.33,91,100,3.83
194,Menongue,AO,2022-07-12 18:37:37,-14.6585,17.691,57.52,41,0,5.21
195,Nouadhibou,MR,2022-07-12 18:37:38,20.931,-17.0347,73.38,78,40,21.85
196,Te Anau,NZ,2022-07-12 18:37:38,-45.4167,167.7167,38.52,99,100,3.76
197,Waingapu,ID,2022-07-12 18:37:39,-9.6567,120.2641,71.53,79,99,10.07
198,Baykit,RU,2022-07-12 18:37:39,61.67,96.37,50.52,79,100,2.53
199,Balaipungut,ID,2022-07-12 18:37:40,1.05,101.2833,73.29,96,99,1.7
200,Sinnamary,GF,2022-07-12 18:37:40,5.3833,-52.95,82.9,70,81,7.29
201,Esperance,AU,2022-07-12 18:37:41,-33.8667,121.9,51.87,55,0,6.78
202,Temirtau,KZ,2022-07-12 18:37:41,50.0544,72.9483,63.3,52,0,9.08
203,Vestmanna,FO,2022-07-12 18:37:42,62.1564,-7.1664,49.12,93,100,10.36
204,Tiksi,RU,2022-07-12 18:37:42,71.6872,128.8694,35.29,97,100,11.21
205,Halchiu,RO,2022-07-12 18:37:43,45.7667,25.55,53.78,73,6,3.31
206,Beirut,LB,2022-07-12 18:32:50,33.8889,35.4944,77.38,74,0,3.74
207,Todos Santos,MX,2022-07-12 18:37:43,23.45,-110.2167,98.04,59,83,8.57
208,Felipe Carrillo Puerto,MX,2022-07-12 18:37:44,19.5833,-88.05,94.51,39,100,8.61
209,Noumea,NC,2022-07-12 18:37:45,-22.2763,166.4572,70.0,99,2,5.14
210,Luanda,AO,2022-07-12 18:35:55,-8.8368,13.2343,69.8,94,20,3.44
211,Tairua,NZ,2022-07-12 18:37:46,-37.0167,175.85,57.54,85,99,13.78
212,Beipiao,CN,2022-07-12 18:37:46,41.7919,120.7792,71.24,91,100,4.05
213,Saint-Philippe,RE,2022-07-12 18:37:47,-21.3585,55.7679,69.39,68,42,13.56
214,Mersing,MY,2022-07-12 18:37:47,2.4312,103.8405,78.71,94,40,2.3
215,Lanzhou,CN,2022-07-12 18:37:23,36.0564,103.7922,71.28,64,97,3.13
216,Havre-Saint-Pierre,CA,2022-07-12 18:37:48,50.2334,-63.5986,62.96,82,100,9.22
217,Chokurdakh,RU,2022-07-12 18:37:48,70.6333,147.9167,45.95,89,100,9.8
218,Badarwas,IN,2022-07-12 18:37:49,24.9667,77.5667,85.12,68,54,2.91
219,Taree,AU,2022-07-12 18:37:49,-31.9,152.4667,52.11,94,100,3.91
220,Arlit,NE,2022-07-12 18:37:50,18.7369,7.3853,96.48,23,64,6.69
221,Upernavik,GL,2022-07-12 18:37:50,72.7868,-56.1549,42.37,84,80,3.42
222,Olafsvik,IS,2022-07-12 18:37:51,64.8945,-23.7142,49.42,68,97,11.97
223,Steinbach,DE,2022-07-12 18:37:51,50.1667,8.5667,83.3,32,0,3.44
224,Neuquen,AR,2022-07-12 18:37:52,-38.9516,-68.0591,62.49,25,35,19.57
225,Imeni Poliny Osipenko,RU,2022-07-12 18:37:52,52.4201,136.4853,60.76,97,100,5.1
226,Lagunas,PE,2022-07-12 18:37:53,-5.2269,-75.6753,85.14,65,77,1.7
227,Bay Roberts,CA,2022-07-12 18:37:53,47.5999,-53.2648,74.95,42,99,11.72
228,Sakakah,SA,2022-07-12 18:37:54,29.9697,40.2064,98.17,17,100,10.16
229,Geraldton,AU,2022-07-12 18:37:54,-28.7667,114.6,52.21,76,0,3.44
230,Vavozh,RU,2022-07-12 18:37:55,56.7751,51.931,70.02,86,31,4.34
231,Miri,MY,2022-07-12 18:37:55,4.4148,114.0089,77.14,94,40,3.44
232,Taoudenni,ML,2022-07-12 18:38:56,22.6783,-3.9836,109.94,8,100,6.89
233,Vostok,RU,2022-07-12 18:38:56,46.4856,135.8833,58.71,96,100,2.57
234,Sao Lourenco Do Sul,BR,2022-07-12 18:38:57,-31.3653,-51.9783,52.14,64,90,11.74
235,Pevek,RU,2022-07-12 18:38:57,69.7008,170.3133,38.5,96,100,14.34
236,Walvis Bay,NA,2022-07-12 18:38:58,-22.9575,14.5053,58.15,77,0,3.44
237,Lubbock,US,2022-07-12 18:35:07,33.6001,-101.8338,94.37,33,40,8.99
238,Puerto Colombia,CO,2022-07-12 18:38:59,10.9878,-74.9547,87.89,77,100,11.99
239,Ponta Delgada,PT,2022-07-12 18:38:59,37.7333,-25.6667,74.12,78,20,16.11
240,Beringovskiy,RU,2022-07-12 18:39:00,63.05,179.3167,53.13,75,100,9.37
241,Itarema,BR,2022-07-12 18:39:00,-2.9248,-39.9167,82.83,71,70,15.5
242,Lompoc,US,2022-07-12 18:39:01,34.6391,-120.4579,82.02,72,0,5.75
243,Goose Creek,US,2022-07-12 18:39:01,32.981,-80.0326,89.92,69,75,9.22
244,Dingle,PH,2022-07-12 18:38:56,10.9995,122.6711,76.55,90,100,3.65
245,Caravelas,BR,2022-07-12 18:39:02,-17.7125,-39.2481,76.75,59,7,6.24
246,Ancud,CL,2022-07-12 18:39:03,-41.8697,-73.8203,41.23,68,95,13.06
247,Monrovia,LR,2022-07-12 18:39:03,6.3005,-10.7969,76.39,86,78,9.8
248,Zhanaozen,KZ,2022-07-12 18:39:04,43.3,52.8,89.58,18,2,11.9
249,Port-Cartier,CA,2022-07-12 18:39:04,50.0334,-66.8654,59.22,99,100,6.06
250,Barcelos,PT,2022-07-12 18:39:05,41.5388,-8.6151,100.92,34,73,3.83
251,Ambovombe,MG,2022-07-12 18:39:06,-25.1667,46.0833,66.15,80,0,6.55
252,Domodossola,IT,2022-07-12 18:39:06,46.1165,8.2931,80.22,77,12,4.25
253,Rtishchevo,RU,2022-07-12 18:39:07,52.2604,43.7874,65.61,63,0,7.72
254,Mayo,US,2022-07-12 18:39:07,38.8876,-76.5119,93.07,64,0,7.0
255,Capitan Bado,PY,2022-07-12 18:39:08,-23.2667,-55.5333,66.96,42,5,7.85
256,Katsuura,JP,2022-07-12 18:38:23,35.1333,140.3,74.64,92,94,5.41
257,Georgetown,MY,2022-07-12 18:38:53,5.4112,100.3354,76.95,93,40,3.44
258,Guerrero Negro,MX,2022-07-12 18:38:23,27.9769,-114.0611,72.75,65,80,14.5
259,Pasighat,IN,2022-07-12 18:39:09,28.0667,95.3333,79.86,87,100,3.0
260,Longyearbyen,SJ,2022-07-12 18:39:10,78.2186,15.6401,46.24,93,75,3.44
261,Almaznyy,RU,2022-07-12 18:39:10,48.0448,40.045,68.41,41,16,6.67
262,Cockburn Town,TC,2022-07-12 18:38:46,21.4612,-71.1419,82.17,78,5,16.93
263,Ekhabi,RU,2022-07-12 18:38:54,53.5102,142.9671,53.98,83,0,11.48
264,La Ronge,CA,2022-07-12 18:39:11,55.1001,-105.2842,73.65,53,20,4.61
265,Shelburne,CA,2022-07-12 18:39:12,44.0787,-80.2041,75.76,84,24,17.58
266,Padang,ID,2022-07-12 18:38:58,-0.9492,100.3543,77.58,88,90,3.38
267,Beyneu,KZ,2022-07-12 18:39:13,45.3167,55.2,90.72,26,0,9.01
268,Pisco,PE,2022-07-12 18:39:02,-13.7,-76.2167,64.45,77,100,3.44
269,Seydi,TM,2022-07-12 18:39:13,39.4816,62.9137,84.76,24,0,11.32
270,Whitecourt,CA,2022-07-12 18:39:14,54.1502,-115.6855,70.84,56,20,3.44
271,Tingloy,PH,2022-07-12 18:39:14,13.6609,120.8711,79.21,85,100,5.46
272,Cherskiy,RU,2022-07-12 18:39:15,68.75,161.3,50.85,71,0,12.59
273,Asau,RO,2022-07-12 18:39:15,46.4333,26.4,63.52,67,0,7.09
274,Neiafu,TO,2022-07-12 18:39:16,-18.65,-173.9833,77.68,78,40,10.36
275,Shingu,JP,2022-07-12 18:34:26,33.7333,135.9833,74.52,90,60,3.42
276,Zyryanka,RU,2022-07-12 18:40:13,65.75,150.85,72.91,66,100,10.83
277,Chipping Sodbury,GB,2022-07-12 18:38:42,51.5381,-2.3938,78.22,56,100,3.74
278,Fortuna Foothills,US,2022-07-12 18:40:18,32.6578,-114.4119,109.22,22,0,17.27
279,Kuusamo,FI,2022-07-12 18:40:18,65.9667,29.1833,68.04,77,20,5.75
280,Altay,CN,2022-07-12 18:40:19,47.8667,88.1167,63.46,52,91,2.73
281,Oswego,US,2022-07-12 18:40:19,43.4501,-76.1497,89.55,63,4,5.01
282,Inhambane,MZ,2022-07-12 18:40:20,-23.865,35.3833,66.18,94,20,0.0
283,Evensk,RU,2022-07-12 18:40:21,61.95,159.2333,51.94,87,33,1.99
284,Cardston,CA,2022-07-12 18:40:21,49.2,-113.3019,80.74,34,100,4.61
285,Souillac,MU,2022-07-12 18:40:22,-20.5167,57.5167,71.98,68,75,16.11
286,Egvekinot,RU,2022-07-12 18:40:22,66.3167,-179.1667,46.18,86,100,8.34
287,Chapais,CA,2022-07-12 18:40:23,49.7834,-74.8492,64.18,86,100,8.43
288,Muros,ES,2022-07-12 18:40:23,42.7762,-9.0603,91.09,35,11,4.18
289,Hofn,IS,2022-07-12 18:40:24,64.2539,-15.2082,51.39,67,100,15.52
290,Saint Anthony,US,2022-07-12 18:40:25,45.0205,-93.218,86.11,43,20,16.11
291,Touros,BR,2022-07-12 18:40:25,-5.1989,-35.4608,80.42,73,10,14.72
292,Grindavik,IS,2022-07-12 18:40:26,63.8424,-22.4338,54.07,71,75,18.41
293,Meulaboh,ID,2022-07-12 18:40:26,4.1363,96.1285,77.36,83,93,6.87
294,Laguna,US,2022-07-12 18:40:27,38.421,-121.4238,95.02,40,0,8.05
295,Lata,PT,2022-07-12 18:40:28,40.1629,-8.3327,88.48,40,100,3.58
296,Boyuibe,BO,2022-07-12 18:40:28,-20.4167,-63.2833,66.47,22,36,5.23
297,Houma,US,2022-07-12 18:40:29,29.5958,-90.7195,93.99,51,84,3.38
298,Nelson Bay,AU,2022-07-12 18:35:36,-32.7167,152.15,51.01,97,100,10.0
299,Mareeba,AU,2022-07-12 18:40:30,-17.0,145.4333,57.92,94,17,3.22
300,Corinto,GR,2022-07-12 18:40:30,37.9407,22.9573,80.89,57,0,5.14
301,Raychikhinsk,RU,2022-07-12 18:40:31,49.7838,129.4121,62.37,88,17,7.7
302,Mount Isa,AU,2022-07-12 18:40:31,-20.7333,139.5,47.97,46,5,9.22
303,Glendive,US,2022-07-12 18:40:32,47.1053,-104.7125,83.48,42,0,6.91
304,Lahaina,US,2022-07-12 18:36:23,20.8783,-156.6825,81.95,79,78,4.41
305,Butaritari,KI,2022-07-12 18:40:33,3.0707,172.7902,82.4,74,100,17.56
306,Hambantota,LK,2022-07-12 18:40:34,6.1241,81.1185,79.14,94,20,9.22
307,Kampong Thum,KH,2022-07-12 18:40:34,12.7111,104.8887,74.19,97,100,3.85
308,Lasa,IT,2022-07-12 18:40:35,46.6166,10.7002,74.28,60,18,6.51
309,Fairbanks,US,2022-07-12 18:40:32,64.8378,-147.7164,66.09,88,75,0.0
310,Kawalu,ID,2022-07-12 18:40:35,-7.3817,108.2082,72.63,97,91,1.52
311,San Andres,CO,2022-07-12 18:37:43,12.5847,-81.7006,87.82,74,40,10.36
312,Xai-Xai,MZ,2022-07-12 18:40:36,-25.0519,33.6442,67.01,86,0,7.94
313,Angoche,MZ,2022-07-12 18:40:38,-16.2325,39.9086,72.84,70,0,4.54
314,Dunedin,NZ,2022-07-12 18:40:38,-45.8742,170.5036,46.87,96,100,13.6
315,Karratha,AU,2022-07-12 18:38:12,-20.7377,116.8463,65.03,57,0,8.72
316,Khatanga,RU,2022-07-12 18:40:39,71.9667,102.5,37.18,95,100,10.51
317,Progreso,MX,2022-07-12 18:40:41,21.2833,-89.6667,89.71,54,100,9.78
318,Staroshcherbinovskaya,RU,2022-07-12 18:40:41,46.6311,38.6742,69.48,53,0,8.59
319,Trincomalee,LK,2022-07-12 18:41:42,8.5711,81.2335,80.69,76,83,26.06
320,Fonte Boa,BR,2022-07-12 18:41:42,-2.4959,-66.2662,87.1,60,100,0.98
321,Pervomayskoye,RU,2022-07-12 18:41:42,43.919,46.7102,75.07,61,0,6.15
322,Acapulco,MX,2022-07-12 18:39:53,16.8634,-99.8901,84.02,79,40,4.61
323,Itoman,JP,2022-07-12 18:39:30,26.1247,127.6694,82.42,89,81,4.61
324,Nargana,PA,2022-07-12 18:41:43,9.4428,-78.5906,80.6,82,99,3.27
325,Bressanone,IT,2022-07-12 18:41:44,46.715,11.656,80.37,60,9,5.5
326,Batsfjord,NO,2022-07-12 18:41:44,70.6345,29.7185,67.78,59,97,16.11
327,Praya,CV,2022-07-12 18:41:45,14.9215,-23.5087,81.14,69,20,12.66
328,Constitucion,CL,2022-07-12 18:41:45,-35.3333,-72.4167,53.19,65,100,3.56
329,Hovd,MN,2022-07-12 18:41:46,48.0056,91.6419,66.83,46,100,6.85
330,Bay Saint Louis,US,2022-07-12 18:37:17,30.3088,-89.33,93.27,66,40,5.75
331,Baherden,TM,2022-07-12 18:39:56,38.4362,57.4316,83.84,23,0,1.32
332,Amahai,ID,2022-07-12 18:41:47,-3.3333,128.9167,76.64,87,100,6.33
333,Sohag,EG,2022-07-12 18:41:47,26.557,31.6948,89.76,25,12,10.89
334,Cabo San Lucas,MX,2022-07-12 18:41:43,22.8909,-109.9124,94.3,63,54,9.04
335,Leshukonskoye,RU,2022-07-12 18:38:06,64.8989,45.7622,71.65,60,0,5.08
336,Quelimane,MZ,2022-07-12 18:41:49,-17.8786,36.8883,67.35,82,9,4.34
337,Idanre,NG,2022-07-12 18:41:49,7.1127,5.1159,70.59,99,62,3.33
338,Kenora,CA,2022-07-12 18:41:49,49.8167,-94.4337,71.78,73,100,8.99
339,Wanning,CN,2022-07-12 18:38:11,18.8003,110.3967,80.13,90,100,5.66
340,Coahuayana,MX,2022-07-12 18:41:50,18.7333,-103.6833,90.68,55,100,6.91
341,Ngunguru,NZ,2022-07-12 18:41:51,-35.6167,174.5,57.9,81,56,13.15
342,Yar-Sale,RU,2022-07-12 18:41:51,66.8333,70.8333,46.49,70,94,5.64
343,Beya,RU,2022-07-12 18:41:52,53.0533,90.9139,61.3,61,100,2.86
344,Svetlogorsk,BY,2022-07-12 18:41:52,52.6333,29.7333,54.05,94,100,22.59
345,Marshall,US,2022-07-12 18:41:53,34.3834,-86.3333,93.31,59,75,4.61
346,Verkhoyansk,RU,2022-07-12 18:41:53,67.5447,133.385,58.28,78,32,6.33
347,Konevo,RU,2022-07-12 18:41:53,62.1215,39.3192,66.38,85,41,6.8
348,Faanui,PF,2022-07-12 18:41:54,-16.4833,-151.75,78.33,71,0,7.96
349,Bogorodskoye,RU,2022-07-12 18:41:54,56.55,37.8833,60.82,85,0,5.06
350,Ryomgard,DK,2022-07-12 18:41:55,56.3843,10.503,73.4,59,75,5.99
351,Santa Barbara,US,2022-07-12 18:41:53,34.7333,-120.0343,75.9,53,0,4.61
352,Sioux Lookout,CA,2022-07-12 18:41:56,50.1001,-91.917,69.87,64,75,8.05
353,Urengoy,RU,2022-07-12 18:41:56,65.9667,78.3667,47.93,66,6,8.81
354,Rock Sound,BS,2022-07-12 18:41:57,24.9,-76.2,83.53,76,59,14.79
355,Troitsko-Pechorsk,RU,2022-07-12 18:41:57,62.7084,56.1964,67.95,76,87,4.27
356,Kamaishi,JP,2022-07-12 18:41:58,39.2667,141.8833,71.06,97,100,3.38
357,Champerico,GT,2022-07-12 18:38:33,14.3,-91.9167,90.14,64,100,4.5
358,Tres Picos,MX,2022-07-12 18:41:59,15.8667,-93.5333,85.1,74,92,5.64
359,Sorong,ID,2022-07-12 18:40:17,-0.8833,131.25,75.38,95,100,8.79
360,Coihaique,CL,2022-07-12 18:41:59,-45.5752,-72.0662,37.35,81,40,5.75
361,Norman Wells,CA,2022-07-12 18:38:32,65.282,-126.8329,66.24,77,75,4.61
362,Pimentel,PE,2022-07-12 18:42:00,-6.8367,-79.9342,70.09,64,0,13.8
363,Kaura Namoda,NG,2022-07-12 18:42:01,12.5898,6.5779,76.77,75,100,17.29
364,Esso,RU,2022-07-12 18:42:01,55.9333,158.7,71.19,78,0,3.31
365,Mackay,AU,2022-07-12 18:42:02,-21.15,149.2,49.68,78,0,8.81
366,Tumarbong,PH,2022-07-12 18:42:02,10.3766,119.4579,78.66,89,99,3.33
367,Yanam,IN,2022-07-12 18:43:03,16.7333,82.2167,76.48,81,100,13.27
368,Puerto Concordia,CO,2022-07-12 18:43:03,2.6221,-72.7572,80.47,80,54,4.74
369,Lincoln,US,2022-07-12 18:40:59,40.8,-96.667,87.3,42,0,10.36
370,Tonj,SS,2022-07-12 18:43:04,7.2737,28.6822,71.74,92,40,3.2
371,Kikwit,CD,2022-07-12 18:43:05,-5.041,18.8162,79.74,28,18,1.95
372,Matara,LK,2022-07-12 18:43:05,5.9485,80.5353,78.44,85,14,12.01
373,Songjianghe,CN,2022-07-12 18:43:06,42.1859,127.479,64.29,80,100,3.18
374,Aconibe,GQ,2022-07-12 18:43:06,1.2968,10.9369,67.89,97,100,3.15
375,Inhuma,BR,2022-07-12 18:43:07,-6.6683,-41.7078,91.6,29,70,7.09
376,Prince Rupert,CA,2022-07-12 18:40:07,54.3161,-130.3201,53.69,87,100,14.97
377,Trofors,NO,2022-07-12 18:43:08,65.5333,13.4063,60.67,88,100,4.07
378,Vuktyl,RU,2022-07-12 18:43:08,63.8567,57.3094,64.06,92,14,4.38
379,Vieques,PR,2022-07-12 18:40:46,18.425,-65.8329,90.72,66,20,18.41
380,Kalevala,RU,2022-07-12 18:43:09,65.2,31.1667,68.85,82,38,2.42
381,Presidente Epitacio,BR,2022-07-12 18:43:10,-21.7633,-52.1156,76.89,53,98,10.96
382,Praia Da Vitoria,PT,2022-07-12 18:43:10,38.7333,-27.0667,75.45,78,75,11.88
383,Makakilo City,US,2022-07-12 18:43:11,21.3469,-158.0858,77.99,68,75,11.5
384,Blonie,PL,2022-07-12 18:43:11,52.1985,20.6171,70.14,66,100,18.99
385,Severo-Yeniseyskiy,RU,2022-07-12 18:43:12,60.3725,93.0408,47.43,91,100,2.3
386,Kushmurun,KZ,2022-07-12 18:43:12,52.4503,64.6311,70.9,70,17,8.5
387,Solnechnyy,RU,2022-07-12 18:43:13,50.7214,136.6319,64.09,99,100,2.46
388,Baillif,GP,2022-07-12 18:43:13,16.0202,-61.7463,85.5,72,100,14.79
389,Tomohon,ID,2022-07-12 18:43:14,1.3346,124.8392,68.94,92,100,3.2
390,Faya,SA,2022-07-12 18:43:14,18.3851,42.4509,71.71,50,100,8.01
391,Bosconia,CO,2022-07-12 18:43:15,9.9689,-73.8836,95.38,41,69,1.83
392,Itaituba,BR,2022-07-12 18:43:16,-4.2761,-55.9836,95.16,41,20,9.22
393,Vila Franca Do Campo,PT,2022-07-12 18:43:16,37.7167,-25.4333,72.01,90,95,9.55
394,Najran,SA,2022-07-12 18:42:11,17.4924,44.1277,72.25,28,100,7.87
395,Ayan,RU,2022-07-12 18:43:17,56.45,138.1667,58.03,99,95,2.37
396,Kolyvan,RU,2022-07-12 18:43:18,55.3053,82.7391,55.02,82,0,7.18
397,Moranbah,AU,2022-07-12 18:43:18,-22.0016,148.0466,49.03,61,0,6.96
398,Deputatskiy,RU,2022-07-12 18:43:19,69.3,139.9,55.69,74,99,2.1
399,Nishihara,JP,2022-07-12 18:40:14,26.1842,127.7558,81.68,89,78,4.61
400,Katav-Ivanovsk,RU,2022-07-12 18:43:20,54.7531,58.1956,63.37,95,100,4.18
401,Gorele,TR,2022-07-12 18:43:20,41.0308,39.0031,70.59,77,96,5.32
402,Kabalo,CD,2022-07-12 18:43:21,-6.05,26.9167,84.11,32,99,3.98
403,Ostrovnoy,RU,2022-07-12 18:43:21,68.0531,39.5131,57.81,96,100,2.93
404,Bathsheba,BB,2022-07-12 18:43:22,13.2167,-59.5167,86.61,81,20,21.85
405,Casper,US,2022-07-12 18:43:23,42.8666,-106.3131,87.73,35,0,4.61
406,Coquimbo,CL,2022-07-12 18:43:23,-29.9533,-71.3436,61.66,57,0,7.54
407,Bonthe,SL,2022-07-12 18:43:24,7.5264,-12.505,76.84,87,85,7.61
408,Opuwo,NA,2022-07-12 18:43:25,-18.0607,13.84,65.53,29,0,8.28
409,Hecun,CN,2022-07-12 18:43:25,36.5333,114.1111,72.57,90,100,1.63
410,Eyl,SO,2022-07-12 18:43:26,7.9803,49.8164,78.8,74,100,24.74
411,Sorland,NO,2022-07-12 18:43:26,67.667,12.6934,57.06,89,100,10.87
412,Ivankiv,UA,2022-07-12 18:43:27,50.9386,29.8943,56.23,88,100,14.67
413,Rock Hill,US,2022-07-12 18:43:27,34.9249,-81.0251,88.02,68,75,8.05
414,Saint Albans,GB,2022-07-12 18:43:28,51.75,-0.3333,81.64,57,0,10.36
415,Sile,TR,2022-07-12 18:44:28,41.1754,29.6133,73.56,59,0,4.0
416,Chokwe,MZ,2022-07-12 18:44:29,-24.5333,32.9833,66.47,78,27,5.12
417,Terrace Bay,CA,2022-07-12 18:43:07,48.7834,-87.1,57.69,59,100,4.81
418,Antofagasta,CL,2022-07-12 18:42:22,-23.65,-70.4,60.08,66,4,5.57
419,Nome,US,2022-07-12 18:44:30,64.5011,-165.4064,58.15,71,0,3.44
420,Naze,JP,2022-07-12 18:44:31,28.3667,129.4833,77.92,88,96,7.07
421,Pavlodar,KZ,2022-07-12 18:44:32,52.3,76.95,64.2,63,0,6.71
422,Aklavik,CA,2022-07-12 18:44:32,68.2191,-135.0107,48.2,93,100,14.97
423,Half Moon Bay,US,2022-07-12 18:40:04,37.4636,-122.4286,81.88,70,40,9.22
424,Zhenhai,CN,2022-07-12 18:44:33,24.2582,118.0905,81.28,84,22,6.11
425,Roma,US,2022-07-12 18:44:33,43.2128,-75.4557,88.72,62,40,15.99
426,Vila Velha,BR,2022-07-12 18:40:19,-20.3297,-40.2925,84.15,74,75,11.01
427,Hunsur,IN,2022-07-12 18:44:34,12.3075,76.2878,68.16,88,100,12.73
428,Dubti,ET,2022-07-12 18:44:35,11.7361,41.0853,89.85,36,90,5.08
429,Mamallapuram,IN,2022-07-12 18:40:08,12.6264,80.1722,86.05,59,100,14.63
430,Luba,GQ,2022-07-12 18:44:36,3.4568,8.5547,76.89,85,89,8.97
431,Skjervoy,NO,2022-07-12 18:44:36,70.0311,20.9714,64.4,85,18,1.92
432,Manaure,CO,2022-07-12 18:44:37,11.7751,-72.4445,90.1,50,100,23.11
433,Santa Rosa,PH,2022-07-12 18:40:07,14.3122,121.1114,80.58,88,99,1.66
434,Shestakovo,RU,2022-07-12 18:44:38,56.4915,103.96,49.75,96,7,1.21
435,Palaikastron,GR,2022-07-12 18:44:38,35.2,26.25,74.3,71,0,20.6
436,Tripoli,LY,2022-07-12 18:43:30,32.8752,13.1875,80.38,61,0,18.88
437,Margate,GB,2022-07-12 18:43:45,51.3813,1.3862,77.7,52,100,3.0
438,Esna,EG,2022-07-12 18:44:39,25.2934,32.554,90.95,20,24,9.89
439,Nyurba,RU,2022-07-12 18:44:40,63.2842,118.3319,57.72,95,70,2.53
440,Aksarka,RU,2022-07-12 18:39:45,66.5606,67.7975,53.46,83,100,7.16
441,Lixourion,GR,2022-07-12 18:44:41,38.2019,20.4314,78.8,57,0,11.5
442,Paita,PE,2022-07-12 18:44:41,-5.0892,-81.1144,70.02,70,4,16.58
443,Oranjemund,NA,2022-07-12 18:44:41,-28.55,16.4333,55.26,85,0,10.89
444,Farah,AF,2022-07-12 18:44:43,32.5,62.5,84.42,13,0,4.72
445,San Policarpo,PH,2022-07-12 18:44:43,12.1791,125.5072,78.03,87,82,4.03
446,Yablonovo,RU,2022-07-12 18:44:44,50.8523,37.3574,63.48,61,100,5.55
447,Saint George,US,2022-07-12 18:43:13,37.1041,-113.5841,106.63,17,0,4.61
448,Mana,GF,2022-07-12 18:44:45,5.6592,-53.7767,82.31,75,57,7.78
449,Quatre Cocos,MU,2022-07-12 18:44:45,-20.2078,57.7625,71.71,66,97,15.9
450,Cap Malheureux,MU,2022-07-12 18:44:46,-19.9842,57.6142,71.47,66,96,5.01
451,Kurchum,KZ,2022-07-12 18:44:46,48.5722,83.6542,67.32,59,100,4.81
452,Flinders,AU,2022-07-12 18:44:47,-34.5833,150.8552,47.37,82,100,5.99
453,Divnoye,RU,2022-07-12 18:44:47,45.9089,43.3547,71.55,68,71,10.16
454,Mogadouro,PT,2022-07-12 18:44:48,41.3403,-6.7119,93.9,16,35,6.91
455,Labuhan,ID,2022-07-12 18:43:46,-6.8844,112.2051,76.71,87,91,6.29
456,North Bend,US,2022-07-12 18:44:49,43.4065,-124.2243,71.92,86,40,20.71
457,Banda Aceh,ID,2022-07-12 18:44:50,5.5577,95.3222,79.86,76,100,13.51
458,Yinchuan,CN,2022-07-12 18:44:51,38.4681,106.2731,76.19,53,29,8.7
459,Santiago De Cuba,CU,2022-07-12 18:44:51,20.0247,-75.8219,87.91,70,20,9.22
460,Shache,CN,2022-07-12 18:44:52,38.4167,77.2406,77.31,29,100,1.28
461,Mumford,GH,2022-07-12 18:45:52,5.2618,-0.759,75.24,84,14,8.72
462,Sao Jose Da Coroa Grande,BR,2022-07-12 18:44:15,-8.8978,-35.1478,78.96,74,95,6.89
463,Chicholi,IN,2022-07-12 18:45:53,21.4667,79.6833,79.66,87,100,1.92
464,Fort Pierce,US,2022-07-12 18:44:02,27.4467,-80.3256,97.05,72,75,15.99
465,Talnakh,RU,2022-07-12 18:45:54,69.4865,88.3972,45.21,71,95,10.42
466,Alyangula,AU,2022-07-12 18:45:55,-13.8483,136.4192,67.06,56,11,14.25
467,Karasburg,NA,2022-07-12 18:45:55,-28.0167,18.75,57.97,34,0,8.23
468,Metkovic,HR,2022-07-12 18:45:56,43.0542,17.6483,82.87,56,99,2.06
469,Port Shepstone,ZA,2022-07-12 18:45:56,-30.7414,30.455,63.59,85,31,8.77
470,Kalmunai,LK,2022-07-12 18:45:57,7.4167,81.8167,79.32,64,61,6.85
471,Mkushi,ZM,2022-07-12 18:45:57,-13.6202,29.3939,61.57,55,100,9.71
472,Fort-Shevchenko,KZ,2022-07-12 18:45:58,44.5086,50.263,84.6,38,100,9.86
473,Souris,CA,2022-07-12 18:45:58,49.6172,-100.2612,76.86,61,0,12.39
474,Saint Simons,US,2022-07-12 18:42:21,31.1352,-81.3901,90.05,68,40,8.05
475,Waw,SS,2022-07-12 18:45:59,7.7029,27.9953,74.05,85,100,1.1
476,Kupang,ID,2022-07-12 18:46:00,-10.1667,123.5833,72.01,73,92,11.54
477,Luderitz,NA,2022-07-12 18:46:00,-26.6481,15.1594,58.14,68,0,15.7
478,Whitehorse,CA,2022-07-12 18:46:01,60.7161,-135.0538,47.17,87,100,0.0
479,Aguimes,ES,2022-07-12 18:46:01,27.9054,-15.4461,72.66,64,20,26.46
480,Randudongkal,ID,2022-07-12 18:46:02,-7.0981,109.3243,73.53,92,98,0.72
481,Hirara,JP,2022-07-12 18:46:02,24.8,125.2833,85.06,73,77,13.96
482,Antsohihy,MG,2022-07-12 18:46:03,-14.8796,47.9875,72.91,59,0,10.38
483,Lerwick,GB,2022-07-12 18:46:03,60.1545,-1.1494,53.6,76,38,23.87
484,Conakry,GN,2022-07-12 18:46:04,9.538,-13.6773,82.47,83,40,9.22
485,Hearst,CA,2022-07-12 18:45:02,49.6835,-83.6665,69.53,36,71,9.73
486,San Borja,BO,2022-07-12 18:46:05,-14.8167,-66.85,63.28,93,100,8.16
487,Porto Ferreira,BR,2022-07-12 18:43:07,-21.8539,-47.4792,84.65,33,89,9.53
488,Haines Junction,CA,2022-07-12 18:44:21,60.7522,-137.5108,46.35,93,100,1.14
489,Onega,RU,2022-07-12 18:46:06,63.9061,38.1404,72.48,66,52,6.38
490,Ca Mau,VN,2022-07-12 18:46:06,9.1769,105.15,75.38,93,100,16.35
491,Pierre,US,2022-07-12 18:46:07,44.3683,-100.351,86.86,37,0,8.05
492,George,ZA,2022-07-12 18:46:07,-33.963,22.4617,49.55,87,0,4.61
493,Lonevag,NO,2022-07-12 18:46:08,60.5262,5.4937,59.2,94,100,3.62
494,Mitsamiouli,KM,2022-07-12 18:46:08,-11.3847,43.2844,77.29,73,20,2.3
495,Comodoro Rivadavia,AR,2022-07-12 18:42:05,-45.8667,-67.5,46.26,53,20,16.11
496,Beisfjord,NO,2022-07-12 18:46:09,68.3751,17.5988,71.65,53,100,4.45
497,Bukama,CD,2022-07-12 18:46:09,-9.2,25.85,73.6,35,5,3.29
498,Salym,RU,2022-07-12 18:46:10,60.0625,71.4789,59.9,72,93,3.06
499,Myitkyina,MM,2022-07-12 18:46:11,25.3833,97.4,76.42,97,43,1.14
500,Shenkursk,RU,2022-07-12 18:46:11,62.1091,42.896,69.58,75,47,7.74
501,Aksu,CN,2022-07-12 18:46:12,41.1231,80.2644,73.13,38,60,7.54
502,Caxito,AO,2022-07-12 18:46:12,-8.5785,13.6643,68.4,91,4,6.02
503,Huambo,AO,2022-07-12 18:46:13,-12.7761,15.7392,59.72,33,0,4.34
504,Sirsilla,IN,2022-07-12 18:46:13,18.3833,78.8333,71.96,91,100,22.5
505,Muskegon,US,2022-07-12 18:44:03,43.3,-86.1334,76.3,68,40,13.8
506,Charters Towers,AU,2022-07-12 18:46:14,-20.1,146.2667,49.96,68,6,10.42
507,Tra Vinh,VN,2022-07-12 18:45:28,9.9347,106.3453,74.52,95,100,11.77
508,Buala,SB,2022-07-12 18:46:15,-8.145,159.5921,79.57,83,37,7.87
509,Tecoanapa,MX,2022-07-12 18:47:15,16.5167,-98.75,85.5,69,46,10.71
510,Byron Bay,AU,2022-07-12 18:47:16,-28.65,153.6167,49.71,83,1,6.58
511,Bubaque,GW,2022-07-12 18:47:16,11.2833,-15.8333,81.09,78,100,8.21
512,Turukhansk,RU,2022-07-12 18:47:17,65.8167,87.9833,48.04,62,100,13.4
513,Stokmarknes,NO,2022-07-12 18:47:17,68.5646,14.9108,67.98,49,0,14.97
514,Okha,RU,2022-07-12 18:47:18,53.5739,142.9478,54.41,83,0,11.48
515,Kamenskiy,RU,2022-07-12 18:47:18,50.8855,45.488,69.19,72,77,6.93
516,Kavaratti,IN,2022-07-12 18:47:19,10.5669,72.642,81.5,81,100,19.33
517,Key West,US,2022-07-12 18:46:42,24.5557,-81.7826,95.0,59,0,9.22
518,Kahului,US,2022-07-12 18:43:29,20.8947,-156.47,81.97,62,20,13.0
519,Alice,US,2022-07-12 18:47:20,27.7523,-98.0697,99.55,44,0,6.91
520,Woodward,US,2022-07-12 18:47:21,36.4337,-99.3904,90.63,33,0,14.97
521,Stornoway,GB,2022-07-12 18:47:21,58.2093,-6.3865,55.92,74,75,17.27
522,Gornyak,RU,2022-07-12 18:47:22,50.9942,81.4661,64.47,61,0,15.03
523,Yakymivka,UA,2022-07-12 18:47:22,46.6897,35.1536,67.5,42,4,9.17
524,Thai Binh,VN,2022-07-12 18:47:23,20.45,106.3333,81.09,87,100,6.2
525,Mosquera,CO,2022-07-12 18:47:23,4.7059,-74.2302,64.49,63,75,6.91
526,Mendi,PG,2022-07-12 18:47:24,-6.1761,143.6513,54.79,98,70,1.39
527,Sao Joao Da Barra,BR,2022-07-12 18:47:24,-21.6403,-41.0511,82.49,76,63,18.92
528,Kabare,CD,2022-07-12 18:47:24,-2.4683,28.8242,63.1,73,60,1.99
529,Manado,ID,2022-07-12 18:47:25,1.487,124.8455,77.77,88,20,2.3
530,Lahij,YE,2022-07-12 18:47:26,13.1667,44.5833,90.86,37,100,4.25
531,Shimoda,JP,2022-07-12 18:47:26,34.6667,138.95,72.1,94,100,4.05
532,Paradise Valley,US,2022-07-12 18:42:53,33.5312,-111.9427,108.46,17,0,7.0
533,Meteti,PA,2022-07-12 18:47:27,8.4983,-77.9786,82.18,86,99,3.04
534,Wuda,CN,2022-07-12 18:44:56,39.4994,106.7117,77.16,50,100,3.22
535,Madanapalle,IN,2022-07-12 18:47:28,13.55,78.5,73.54,77,100,19.3
536,Awjilah,LY,2022-07-12 18:47:28,29.1081,21.2869,87.01,29,0,12.68
537,Jalu,LY,2022-07-12 18:47:29,29.0331,21.5482,87.94,26,0,11.16
538,Beatrice,US,2022-07-12 18:47:30,40.2681,-96.747,83.44,42,40,11.5
539,Mugango,TZ,2022-07-12 18:47:30,-1.6833,33.7,73.94,53,99,6.78
540,The Valley,AI,2022-07-12 18:45:27,18.217,-63.0578,87.66,66,40,14.97
541,Chifeng,CN,2022-07-12 18:47:31,42.2683,118.9636,67.91,90,82,5.44
542,Cabatuan,PH,2022-07-12 18:47:32,10.8794,122.486,76.91,87,100,4.03
543,Ostrovskoye,RU,2022-07-12 18:47:32,57.8057,42.2433,63.91,86,43,6.33
544,Anori,BR,2022-07-12 18:47:33,-3.7728,-61.6442,88.92,57,86,2.46
545,Rafraf,TN,2022-07-12 18:47:33,37.1904,10.1837,84.52,64,0,17.98
546,Mnogovershinnyy,RU,2022-07-12 18:47:33,53.9353,139.9242,59.43,99,100,2.73
547,Fortuna,US,2022-07-12 18:47:34,40.5982,-124.1573,72.93,74,0,5.01
548,Saint-Joseph,RE,2022-07-12 18:47:34,-21.3667,55.6167,68.38,68,22,13.24
549,Saint-Paul,RE,2022-07-12 18:47:35,-21.0096,55.2707,69.91,70,42,5.55
